length,polar_frac_w,gravy,net_charge,abs_charge,nglyco_motifs,glyco_proxy,logk_ref
609,0.22610837438423642,-0.35385878489326766,94.96433424973276,94.96433424973276,0,0.0,58.307664589248525
698,0.25687679083094556,-0.3362464183381089,96.42877872501813,96.42877872501813,2,1.0,61.78827010034039
261,0.3291187739463602,-0.5363984674329502,34.031761136441716,34.031761136441716,2,1.0,24.87920993857001
